key	ENC	END	END-vhv-check	PTL@@DE	PTL@@EN	PTL@@FR	PPR	PED	PC#
tele-40-2-Fan-Viv-1-Flute	Bryan Jacob Bell	13 November 2024	13 November 2024	Zwölf Fantasien für Querflöte ohne Baß	Twelve Fantasias for transverse flute without bass	Douze Fantaisies pour flute traversière sans basse	Bärenreiter	Günter Haußwald	Bärenreiter 2971
tele-40-2-Fan-All-2-Flute	Bryan Jacob Bell	13 November 2024	13 November 2024	Zwölf Fantasien für Querflöte ohne Baß	Twelve Fantasias for transverse flute without bass	Douze Fantaisies pour flute traversière sans basse	Bärenreiter	Günter Haußwald	Bärenreiter 2971
tele-40-3-Fan-Gra-1-Flute	Bryan Jacob Bell	13 November 2024	13 November 2024	Zwölf Fantasien für Querflöte ohne Baß	Twelve Fantasias for transverse flute without bass	Douze Fantaisies pour flute traversière sans basse	Bärenreiter	Günter Haußwald	Bärenreiter 2971
tele-40-3-Fan-Viv-2-Flute	Bryan Jacob Bell	13 November 2024	16 November 2024	Zwölf Fantasien für Querflöte ohne Baß	Twelve Fantasias for transverse flute without bass	Douze Fantaisies pour flute traversière sans basse	Bärenreiter	Günter Haußwald	Bärenreiter 2971
tele-40-3-Fan-Ada-3-Flute	Bryan Jacob Bell	15 November 2024	16 November 2024	Zwölf Fantasien für Querflöte ohne Baß	Twelve Fantasias for transverse flute without bass	Douze Fantaisies pour flute traversière sans basse	Bärenreiter	Günter Haußwald	Bärenreiter 2971
tele-40-3-Fan-All-4-Flute	Bryan Jacob Bell	15 November 2024	16 November 2024	Zwölf Fantasien für Querflöte ohne Baß	Twelve Fantasias for transverse flute without bass	Douze Fantaisies pour flute traversière sans basse	Bärenreiter	Günter Haußwald	Bärenreiter 2971
tele-40-4-Fan-Lar-1-Flute	Bryan Jacob Bell	TODO	TODO	Zwölf Fantasien für Querflöte ohne Baß	Twelve Fantasias for transverse flute without bass	Douze Fantaisies pour flute traversière sans basse	Bärenreiter	Günter Haußwald	Bärenreiter 2971
tele-40-4-Fan-All-2-Flute	Bryan Jacob Bell	16 November 2024	16 November 2024	Zwölf Fantasien für Querflöte ohne Baß	Twelve Fantasias for transverse flute without bass	Douze Fantaisies pour flute traversière sans basse	Bärenreiter	Günter Haußwald	Bärenreiter 2971
tele-40-5-Fan-And-1-Flute	Bryan Jacob Bell	16 November 2024	16 November 2024	Zwölf Fantasien für Querflöte ohne Baß	Twelve Fantasias for transverse flute without bass	Douze Fantaisies pour flute traversière sans basse	Bärenreiter	Günter Haußwald	Bärenreiter 2971
tele-40-5-Fan-All-2-Flute	Bryan Jacob Bell	16 November 2024	16 November 2024	Zwölf Fantasien für Querflöte ohne Baß	Twelve Fantasias for transverse flute without bass	Douze Fantaisies pour flute traversière sans basse	Bärenreiter	Günter Haußwald	Bärenreiter 2971
tele-40-5-Fan-Pre-3-Flute	Bryan Jacob Bell	16 November 2024	16 November 2024	Zwölf Fantasien für Querflöte ohne Baß	Twelve Fantasias for transverse flute without bass	Douze Fantaisies pour flute traversière sans basse	Bärenreiter	Günter Haußwald	Bärenreiter 2971
tele-40-6-Fan-Pre-1-Flute	Bryan Jacob Bell	TODO	TODO	Zwölf Fantasien für Querflöte ohne Baß	Twelve Fantasias for transverse flute without bass	Douze Fantaisies pour flute traversière sans basse	Bärenreiter	Günter Haußwald	Bärenreiter 2971
tele-40-6-Fan-All-2-Flute	Bryan Jacob Bell	18 November 2024	18 November 2024	Zwölf Fantasien für Querflöte ohne Baß	Twelve Fantasias for transverse flute without bass	Douze Fantaisies pour flute traversière sans basse	Bärenreiter	Günter Haußwald	Bärenreiter 2971
tele-40-6-Fan-All-3-Flute	Bryan Jacob Bell	18 November 2024	18 November 2024	Zwölf Fantasien für Querflöte ohne Baß	Twelve Fantasias for transverse flute without bass	Douze Fantaisies pour flute traversière sans basse	Bärenreiter	Günter Haußwald	Bärenreiter 2971
tele-40-7-Fan-Dol-1-Flute	Bryan Jacob Bell	18 November 2024	18 November 2024	Zwölf Fantasien für Querflöte ohne Baß	Twelve Fantasias for transverse flute without bass	Douze Fantaisies pour flute traversière sans basse	Bärenreiter	Günter Haußwald	Bärenreiter 2971
tele-40-7-Fan-All-2-Flute	Bryan Jacob Bell	18 November 2024	18 November 2024	Zwölf Fantasien für Querflöte ohne Baß	Twelve Fantasias for transverse flute without bass	Douze Fantaisies pour flute traversière sans basse	Bärenreiter	Günter Haußwald	Bärenreiter 2971
tele-40-7-Fan-Spi-3-Flute	Bryan Jacob Bell	18 November 2024	18 November 2024	Zwölf Fantasien für Querflöte ohne Baß	Twelve Fantasias for transverse flute without bass	Douze Fantaisies pour flute traversière sans basse	Bärenreiter	Günter Haußwald	Bärenreiter 2971
tele-40-8-Fan-All-1-Flute	Bryan Jacob Bell	TODO	TODO	Zwölf Fantasien für Querflöte ohne Baß	Twelve Fantasias for transverse flute without bass	Douze Fantaisies pour flute traversière sans basse	Bärenreiter	Günter Haußwald	Bärenreiter 2971
tele-40-8-Fan-Pre-2-Flute	Bryan Jacob Bell			Zwölf Fantasien für Querflöte ohne Baß	Twelve Fantasias for transverse flute without bass	Douze Fantaisies pour flute traversière sans basse	Bärenreiter	Günter Haußwald	Bärenreiter 2971
tele-40-9-Fan-Lar-1-Flute	Bryan Jacob Bell			Zwölf Fantasien für Querflöte ohne Baß	Twelve Fantasias for transverse flute without bass	Douze Fantaisies pour flute traversière sans basse	Bärenreiter	Günter Haußwald	Bärenreiter 2971
tele-40-9-Fan-Spi-2-Flute	Bryan Jacob Bell			Zwölf Fantasien für Querflöte ohne Baß	Twelve Fantasias for transverse flute without bass	Douze Fantaisies pour flute traversière sans basse	Bärenreiter	Günter Haußwald	Bärenreiter 2971
tele-40-9-Fan-All-3-Flute	Bryan Jacob Bell			Zwölf Fantasien für Querflöte ohne Baß	Twelve Fantasias for transverse flute without bass	Douze Fantaisies pour flute traversière sans basse	Bärenreiter	Günter Haußwald	Bärenreiter 2971
tele-40-10-Fan-Aff-1-Flute	Bryan Jacob Bell			Zwölf Fantasien für Querflöte ohne Baß	Twelve Fantasias for transverse flute without bass	Douze Fantaisies pour flute traversière sans basse	Bärenreiter	Günter Haußwald	Bärenreiter 2971
tele-40-10-Fan-All-2-Flute	Bryan Jacob Bell			Zwölf Fantasien für Querflöte ohne Baß	Twelve Fantasias for transverse flute without bass	Douze Fantaisies pour flute traversière sans basse	Bärenreiter	Günter Haußwald	Bärenreiter 2971
tele-40-10-Fan-Gra-3-Flute	Bryan Jacob Bell			Zwölf Fantasien für Querflöte ohne Baß	Twelve Fantasias for transverse flute without bass	Douze Fantaisies pour flute traversière sans basse	Bärenreiter	Günter Haußwald	Bärenreiter 2971
tele-40-10-Fan-Viv-4-Flute	Bryan Jacob Bell			Zwölf Fantasien für Querflöte ohne Baß	Twelve Fantasias for transverse flute without bass	Douze Fantaisies pour flute traversière sans basse	Bärenreiter	Günter Haußwald	Bärenreiter 2971
tele-40-11-Fan-A_t-1-Flute	Bryan Jacob Bell			Zwölf Fantasien für Querflöte ohne Baß	Twelve Fantasias for transverse flute without bass	Douze Fantaisies pour flute traversière sans basse	Bärenreiter	Günter Haußwald	Bärenreiter 2971
tele-40-11-Fan-Pre-2-Flute	Bryan Jacob Bell			Zwölf Fantasien für Querflöte ohne Baß	Twelve Fantasias for transverse flute without bass	Douze Fantaisies pour flute traversière sans basse	Bärenreiter	Günter Haußwald	Bärenreiter 2971
tele-40-11-Fan-Mod-3-Flute	Bryan Jacob Bell			Zwölf Fantasien für Querflöte ohne Baß	Twelve Fantasias for transverse flute without bass	Douze Fantaisies pour flute traversière sans basse	Bärenreiter	Günter Haußwald	Bärenreiter 2971
tele-40-12-Fan-All-1-Flute	Bryan Jacob Bell			Zwölf Fantasien für Querflöte ohne Baß	Twelve Fantasias for transverse flute without bass	Douze Fantaisies pour flute traversière sans basse	Bärenreiter	Günter Haußwald	Bärenreiter 2971
tele-40-12-Fan-Ada-2-Flute	Bryan Jacob Bell			Zwölf Fantasien für Querflöte ohne Baß	Twelve Fantasias for transverse flute without bass	Douze Fantaisies pour flute traversière sans basse	Bärenreiter	Günter Haußwald	Bärenreiter 2971
tele-40-12-Fan-All-3-Flute	Bryan Jacob Bell			Zwölf Fantasien für Querflöte ohne Baß	Twelve Fantasias for transverse flute without bass	Douze Fantaisies pour flute traversière sans basse	Bärenreiter	Günter Haußwald	Bärenreiter 2971
tele-40-13-Fan-Gra-1-Flute	Bryan Jacob Bell			Zwölf Fantasien für Querflöte ohne Baß	Twelve Fantasias for transverse flute without bass	Douze Fantaisies pour flute traversière sans basse	Bärenreiter	Günter Haußwald	Bärenreiter 2971
tele-40-13-Fan-Pre-2-Flute	Bryan Jacob Bell			Zwölf Fantasien für Querflöte ohne Baß	Twelve Fantasias for transverse flute without bass	Douze Fantaisies pour flute traversière sans basse	Bärenreiter	Günter Haußwald	Bärenreiter 2971
tele-40-14-Fan-Lar-1-Violin	Bryan Jacob Bell			Zwölf Fantasien für Violine ohne Bass, 1735	Twelve Fantasias for Violin without Bass, 1735	Douze Fantaisies pour violon sans basse, 1735	Bärenreiter	Günter Haußwald	BA 2972
tele-40-14-Fan-All-2-Violin	Bryan Jacob Bell			Zwölf Fantasien für Violine ohne Bass, 1735	Twelve Fantasias for Violin without Bass, 1735	Douze Fantaisies pour violon sans basse, 1735	Bärenreiter	Günter Haußwald	BA 2972
tele-40-14-Fan-Gra-3-Violin	Bryan Jacob Bell			Zwölf Fantasien für Violine ohne Bass, 1735	Twelve Fantasias for Violin without Bass, 1735	Douze Fantaisies pour violon sans basse, 1735	Bärenreiter	Günter Haußwald	BA 2972
tele-40-15-Fan-Lar-1-Violin	Bryan Jacob Bell			Zwölf Fantasien für Violine ohne Bass, 1735	Twelve Fantasias for Violin without Bass, 1735	Douze Fantaisies pour violon sans basse, 1735	Bärenreiter	Günter Haußwald	BA 2972
tele-40-15-Fan-All-2-Violin	Bryan Jacob Bell			Zwölf Fantasien für Violine ohne Bass, 1735	Twelve Fantasias for Violin without Bass, 1735	Douze Fantaisies pour violon sans basse, 1735	Bärenreiter	Günter Haußwald	BA 2972
tele-40-15-Fan-All-3-Violin	Bryan Jacob Bell			Zwölf Fantasien für Violine ohne Bass, 1735	Twelve Fantasias for Violin without Bass, 1735	Douze Fantaisies pour violon sans basse, 1735	Bärenreiter	Günter Haußwald	BA 2972
tele-40-16-Fan-Ada-1-Violin	Bryan Jacob Bell			Zwölf Fantasien für Violine ohne Bass, 1735	Twelve Fantasias for Violin without Bass, 1735	Douze Fantaisies pour violon sans basse, 1735	Bärenreiter	Günter Haußwald	BA 2972
tele-40-16-Fan-Pre-2-Violin	Bryan Jacob Bell			Zwölf Fantasien für Violine ohne Bass, 1735	Twelve Fantasias for Violin without Bass, 1735	Douze Fantaisies pour violon sans basse, 1735	Bärenreiter	Günter Haußwald	BA 2972
tele-40-16-Fan-Gra-3-Violin	Bryan Jacob Bell			Zwölf Fantasien für Violine ohne Bass, 1735	Twelve Fantasias for Violin without Bass, 1735	Douze Fantaisies pour violon sans basse, 1735	Bärenreiter	Günter Haußwald	BA 2972
tele-40-17-Fan-Viv-1-Violin	Bryan Jacob Bell			Zwölf Fantasien für Violine ohne Bass, 1735	Twelve Fantasias for Violin without Bass, 1735	Douze Fantaisies pour violon sans basse, 1735	Bärenreiter	Günter Haußwald	BA 2972
tele-40-17-Fan-Gra-2-Violin	Bryan Jacob Bell			Zwölf Fantasien für Violine ohne Bass, 1735	Twelve Fantasias for Violin without Bass, 1735	Douze Fantaisies pour violon sans basse, 1735	Bärenreiter	Günter Haußwald	BA 2972
tele-40-17-Fan-All-3-Violin	Bryan Jacob Bell			Zwölf Fantasien für Violine ohne Bass, 1735	Twelve Fantasias for Violin without Bass, 1735	Douze Fantaisies pour violon sans basse, 1735	Bärenreiter	Günter Haußwald	BA 2972
tele-40-18-Fan-All-1-Violin	Bryan Jacob Bell			Zwölf Fantasien für Violine ohne Bass, 1735	Twelve Fantasias for Violin without Bass, 1735	Douze Fantaisies pour violon sans basse, 1735	Bärenreiter	Günter Haußwald	BA 2972
tele-40-18-Fan-And-2-Violin	Bryan Jacob Bell			Zwölf Fantasien für Violine ohne Bass, 1735	Twelve Fantasias for Violin without Bass, 1735	Douze Fantaisies pour violon sans basse, 1735	Bärenreiter	Günter Haußwald	BA 2972
tele-40-18-Fan-All-3-Violin	Bryan Jacob Bell			Zwölf Fantasien für Violine ohne Bass, 1735	Twelve Fantasias for Violin without Bass, 1735	Douze Fantaisies pour violon sans basse, 1735	Bärenreiter	Günter Haußwald	BA 2972
tele-40-19-Fan-Gra-1-Violin	Bryan Jacob Bell			Zwölf Fantasien für Violine ohne Bass, 1735	Twelve Fantasias for Violin without Bass, 1735	Douze Fantaisies pour violon sans basse, 1735	Bärenreiter	Günter Haußwald	BA 2972
tele-40-19-Fan-Pre-2-Violin	Bryan Jacob Bell			Zwölf Fantasien für Violine ohne Bass, 1735	Twelve Fantasias for Violin without Bass, 1735	Douze Fantaisies pour violon sans basse, 1735	Bärenreiter	Günter Haußwald	BA 2972
tele-40-19-Fan-Sic-3-Violin	Bryan Jacob Bell			Zwölf Fantasien für Violine ohne Bass, 1735	Twelve Fantasias for Violin without Bass, 1735	Douze Fantaisies pour violon sans basse, 1735	Bärenreiter	Günter Haußwald	BA 2972
tele-40-19-Fan-All-4-Violin	Bryan Jacob Bell			Zwölf Fantasien für Violine ohne Bass, 1735	Twelve Fantasias for Violin without Bass, 1735	Douze Fantaisies pour violon sans basse, 1735	Bärenreiter	Günter Haußwald	BA 2972
tele-40-20-Fan-Dol-1-Violin	Bryan Jacob Bell			Zwölf Fantasien für Violine ohne Bass, 1735	Twelve Fantasias for Violin without Bass, 1735	Douze Fantaisies pour violon sans basse, 1735	Bärenreiter	Günter Haußwald	BA 2972
tele-40-20-Fan-All-2-Violin	Bryan Jacob Bell			Zwölf Fantasien für Violine ohne Bass, 1735	Twelve Fantasias for Violin without Bass, 1735	Douze Fantaisies pour violon sans basse, 1735	Bärenreiter	Günter Haußwald	BA 2972
tele-40-20-Fan-Lar-3-Violin	Bryan Jacob Bell			Zwölf Fantasien für Violine ohne Bass, 1735	Twelve Fantasias for Violin without Bass, 1735	Douze Fantaisies pour violon sans basse, 1735	Bärenreiter	Günter Haußwald	BA 2972
tele-40-20-Fan-Pre-4-Violin	Bryan Jacob Bell			Zwölf Fantasien für Violine ohne Bass, 1735	Twelve Fantasias for Violin without Bass, 1735	Douze Fantaisies pour violon sans basse, 1735	Bärenreiter	Günter Haußwald	BA 2972
tele-40-21-Fan-Pia-1-Violin	Bryan Jacob Bell			Zwölf Fantasien für Violine ohne Bass, 1735	Twelve Fantasias for Violin without Bass, 1735	Douze Fantaisies pour violon sans basse, 1735	Bärenreiter	Günter Haußwald	BA 2972
tele-40-21-Fan-Spi-2-Violin	Bryan Jacob Bell			Zwölf Fantasien für Violine ohne Bass, 1735	Twelve Fantasias for Violin without Bass, 1735	Douze Fantaisies pour violon sans basse, 1735	Bärenreiter	Günter Haußwald	BA 2972
tele-40-21-Fan-All-3-Violin	Bryan Jacob Bell			Zwölf Fantasien für Violine ohne Bass, 1735	Twelve Fantasias for Violin without Bass, 1735	Douze Fantaisies pour violon sans basse, 1735	Bärenreiter	Günter Haußwald	BA 2972
tele-40-22-Fan-Sic-1-Violin	Bryan Jacob Bell			Zwölf Fantasien für Violine ohne Bass, 1735	Twelve Fantasias for Violin without Bass, 1735	Douze Fantaisies pour violon sans basse, 1735	Bärenreiter	Günter Haußwald	BA 2972
tele-40-22-Fan-Viv-2-Violin	Bryan Jacob Bell			Zwölf Fantasien für Violine ohne Bass, 1735	Twelve Fantasias for Violin without Bass, 1735	Douze Fantaisies pour violon sans basse, 1735	Bärenreiter	Günter Haußwald	BA 2972
tele-40-22-Fan-All-3-Violin	Bryan Jacob Bell			Zwölf Fantasien für Violine ohne Bass, 1735	Twelve Fantasias for Violin without Bass, 1735	Douze Fantaisies pour violon sans basse, 1735	Bärenreiter	Günter Haußwald	BA 2972
tele-40-23-Fan-Pre-1-Violin	Bryan Jacob Bell			Zwölf Fantasien für Violine ohne Bass, 1735	Twelve Fantasias for Violin without Bass, 1735	Douze Fantaisies pour violon sans basse, 1735	Bärenreiter	Günter Haußwald	BA 2972
tele-40-23-Fan-Lar-2-Violin	Bryan Jacob Bell			Zwölf Fantasien für Violine ohne Bass, 1735	Twelve Fantasias for Violin without Bass, 1735	Douze Fantaisies pour violon sans basse, 1735	Bärenreiter	Günter Haußwald	BA 2972
tele-40-23-Fan-All-3-Violin	Bryan Jacob Bell			Zwölf Fantasien für Violine ohne Bass, 1735	Twelve Fantasias for Violin without Bass, 1735	Douze Fantaisies pour violon sans basse, 1735	Bärenreiter	Günter Haußwald	BA 2972
tele-40-24-Fan-Un_-1-Violin	Bryan Jacob Bell			Zwölf Fantasien für Violine ohne Bass, 1735	Twelve Fantasias for Violin without Bass, 1735	Douze Fantaisies pour violon sans basse, 1735	Bärenreiter	Günter Haußwald	BA 2972
tele-40-24-Fan-Soa-2-Violin	Bryan Jacob Bell			Zwölf Fantasien für Violine ohne Bass, 1735	Twelve Fantasias for Violin without Bass, 1735	Douze Fantaisies pour violon sans basse, 1735	Bärenreiter	Günter Haußwald	BA 2972
tele-40-24-Fan-All-3-Violin	Bryan Jacob Bell			Zwölf Fantasien für Violine ohne Bass, 1735	Twelve Fantasias for Violin without Bass, 1735	Douze Fantaisies pour violon sans basse, 1735	Bärenreiter	Günter Haußwald	BA 2972
tele-40-25-Fan-Mod-1-Violin	Bryan Jacob Bell			Zwölf Fantasien für Violine ohne Bass, 1735	Twelve Fantasias for Violin without Bass, 1735	Douze Fantaisies pour violon sans basse, 1735	Bärenreiter	Günter Haußwald	BA 2972
tele-40-25-Fan-Viv-2-Violin	Bryan Jacob Bell			Zwölf Fantasien für Violine ohne Bass, 1735	Twelve Fantasias for Violin without Bass, 1735	Douze Fantaisies pour violon sans basse, 1735	Bärenreiter	Günter Haußwald	BA 2972
tele-40-25-Fan-Pre-3-Violin	Bryan Jacob Bell			Zwölf Fantasien für Violine ohne Bass, 1735	Twelve Fantasias for Violin without Bass, 1735	Douze Fantaisies pour violon sans basse, 1735	Bärenreiter	Günter Haußwald	BA 2972
tele-40-26-Fan-Ada-1-Viol	Bryan Jacob Bell			TODO	TODO	TODO	TODO	TODO	TODO
tele-40-26-Fan-All-2-Viol	Bryan Jacob Bell			TODO	TODO	TODO	TODO	TODO	TODO
tele-40-27-Fan-Viv-1-Viol	Bryan Jacob Bell			TODO	TODO	TODO	TODO	TODO	TODO
tele-40-27-Fan-And-2-Viol	Bryan Jacob Bell			TODO	TODO	TODO	TODO	TODO	TODO
tele-40-27-Fan-Pre-3-Viol	Bryan Jacob Bell			TODO	TODO	TODO	TODO	TODO	TODO
tele-40-28-Fan-Lar-1-Viol	Bryan Jacob Bell			TODO	TODO	TODO	TODO	TODO	TODO
tele-40-28-Fan-Pre-2-Viol	Bryan Jacob Bell			TODO	TODO	TODO	TODO	TODO	TODO
tele-40-28-Fan-Viv-3-Viol	Bryan Jacob Bell			TODO	TODO	TODO	TODO	TODO	TODO
tele-40-29-Fan-Viv-1-Viol	Bryan Jacob Bell			TODO	TODO	TODO	TODO	TODO	TODO
tele-40-29-Fan-Gra-2-Viol	Bryan Jacob Bell			TODO	TODO	TODO	TODO	TODO	TODO
tele-40-29-Fan-All-3-Viol	Bryan Jacob Bell			TODO	TODO	TODO	TODO	TODO	TODO
tele-40-30-Fan-All-1-Viol	Bryan Jacob Bell			TODO	TODO	TODO	TODO	TODO	TODO
tele-40-30-Fan-Lar-2-Viol	Bryan Jacob Bell			TODO	TODO	TODO	TODO	TODO	TODO
tele-40-30-Fan-All-3-Viol	Bryan Jacob Bell			TODO	TODO	TODO	TODO	TODO	TODO
tele-40-31-Fan-Sch-1-Viol	Bryan Jacob Bell			TODO	TODO	TODO	TODO	TODO	TODO
tele-40-31-Fan-Dol-2-Viol	Bryan Jacob Bell			TODO	TODO	TODO	TODO	TODO	TODO
tele-40-31-Fan-Spi-3-Viol	Bryan Jacob Bell			TODO	TODO	TODO	TODO	TODO	TODO
tele-40-32-Fan-And-1-Viol	Bryan Jacob Bell			TODO	TODO	TODO	TODO	TODO	TODO
tele-40-32-Fan-Viv-2-Viol	Bryan Jacob Bell			TODO	TODO	TODO	TODO	TODO	TODO
tele-40-32-Fan-All-3-Viol	Bryan Jacob Bell			TODO	TODO	TODO	TODO	TODO	TODO
tele-40-33-Fan-All-1-Viol	Bryan Jacob Bell			TODO	TODO	TODO	TODO	TODO	TODO
tele-40-33-Fan-Gra-2-Viol	Bryan Jacob Bell			TODO	TODO	TODO	TODO	TODO	TODO
tele-40-33-Fan-Viv-3-Viol	Bryan Jacob Bell			TODO	TODO	TODO	TODO	TODO	TODO
tele-40-34-Fan-Pre-1-Viol	Bryan Jacob Bell			TODO	TODO	TODO	TODO	TODO	TODO
tele-40-34-Fan-Gra-2-Viol	Bryan Jacob Bell			TODO	TODO	TODO	TODO	TODO	TODO
tele-40-34-Fan-All-3-Viol	Bryan Jacob Bell			TODO	TODO	TODO	TODO	TODO	TODO
tele-40-35-Fan-Dol-1-Viol	Bryan Jacob Bell			TODO	TODO	TODO	TODO	TODO	TODO
tele-40-35-Fan-Sic-2-Viol	Bryan Jacob Bell			TODO	TODO	TODO	TODO	TODO	TODO
tele-40-35-Fan-Sch-3-Viol	Bryan Jacob Bell			TODO	TODO	TODO	TODO	TODO	TODO
tele-40-36-Fan-All-1-Viol	Bryan Jacob Bell			TODO	TODO	TODO	TODO	TODO	TODO
tele-40-36-Fan-Gra-2-Viol	Bryan Jacob Bell			TODO	TODO	TODO	TODO	TODO	TODO
tele-40-36-Fan-All-3-Viol	Bryan Jacob Bell			TODO	TODO	TODO	TODO	TODO	TODO
tele-40-37-Fan-And-1-Viol	Bryan Jacob Bell			TODO	TODO	TODO	TODO	TODO	TODO
tele-40-37-Fan-All-2-Viol	Bryan Jacob Bell			TODO	TODO	TODO	TODO	TODO	TODO
tele-40-37-Fan-Viv-3-Viol	Bryan Jacob Bell			TODO	TODO	TODO	TODO	TODO	TODO
tele-41-F4-Sol-And-1-Violin	Bryan Jacob Bell			Essercizii musici: 12 Soli und 12 Triosonaten für verschiedene Instrumente	Essercizii musici: 12 Solos and 12 Trio sonatas for Various Instruments	Essercizii musici: 12 Solos et 12 sonates en trio pour instruments divers	Bärenreiter	Klaus Hofmann	BA 5857
tele-41-F4-Sol-All-2-Violin	Bryan Jacob Bell			Essercizii musici: 12 Soli und 12 Triosonaten für verschiedene Instrumente	Essercizii musici: 12 Solos and 12 Trio sonatas for Various Instruments	Essercizii musici: 12 Solos et 12 sonates en trio pour instruments divers	Bärenreiter	Klaus Hofmann	BA 5857
tele-41-F4-Sol-Sic-3-Violin	Bryan Jacob Bell			Essercizii musici: 12 Soli und 12 Triosonaten für verschiedene Instrumente	Essercizii musici: 12 Solos and 12 Trio sonatas for Various Instruments	Essercizii musici: 12 Solos et 12 sonates en trio pour instruments divers	Bärenreiter	Klaus Hofmann	BA 5857
tele-41-F4-Sol-All-4-Violin	Bryan Jacob Bell			Essercizii musici: 12 Soli und 12 Triosonaten für verschiedene Instrumente	Essercizii musici: 12 Solos and 12 Trio sonatas for Various Instruments	Essercizii musici: 12 Solos et 12 sonates en trio pour instruments divers	Bärenreiter	Klaus Hofmann	BA 5857
tele-41-D9-Sol-Lar-1-Flute	Bryan Jacob Bell			Essercizii musici: 12 Soli und 12 Triosonaten für verschiedene Instrumente	Essercizii musici: 12 Solos and 12 Trio sonatas for Various Instruments	Essercizii musici: 12 Solos et 12 sonates en trio pour instruments divers	Bärenreiter	Klaus Hofmann	BA 5857
tele-41-D9-Sol-Viv-2-Flute	Bryan Jacob Bell			Essercizii musici: 12 Soli und 12 Triosonaten für verschiedene Instrumente	Essercizii musici: 12 Solos and 12 Trio sonatas for Various Instruments	Essercizii musici: 12 Solos et 12 sonates en trio pour instruments divers	Bärenreiter	Klaus Hofmann	BA 5857
tele-41-D9-Sol-Dol-3-Flute	Bryan Jacob Bell			Essercizii musici: 12 Soli und 12 Triosonaten für verschiedene Instrumente	Essercizii musici: 12 Solos and 12 Trio sonatas for Various Instruments	Essercizii musici: 12 Solos et 12 sonates en trio pour instruments divers	Bärenreiter	Klaus Hofmann	BA 5857
tele-41-D9-Sol-All-4-Flute	Bryan Jacob Bell			Essercizii musici: 12 Soli und 12 Triosonaten für verschiedene Instrumente	Essercizii musici: 12 Solos and 12 Trio sonatas for Various Instruments	Essercizii musici: 12 Solos et 12 sonates en trio pour instruments divers	Bärenreiter	Klaus Hofmann	BA 5857
tele-41-a6-Sol-Lar-1-Viol	Bryan Jacob Bell			Essercizii musici: 12 Soli und 12 Triosonaten für verschiedene Instrumente	Essercizii musici: 12 Solos and 12 Trio sonatas for Various Instruments	Essercizii musici: 12 Solos et 12 sonates en trio pour instruments divers	Bärenreiter	Klaus Hofmann	BA 5857
tele-41-a6-Sol-All-2-Viol	Bryan Jacob Bell			Essercizii musici: 12 Soli und 12 Triosonaten für verschiedene Instrumente	Essercizii musici: 12 Solos and 12 Trio sonatas for Various Instruments	Essercizii musici: 12 Solos et 12 sonates en trio pour instruments divers	Bärenreiter	Klaus Hofmann	BA 5857
tele-41-a6-Sol-Soa-3-Viol	Bryan Jacob Bell			Essercizii musici: 12 Soli und 12 Triosonaten für verschiedene Instrumente	Essercizii musici: 12 Solos and 12 Trio sonatas for Various Instruments	Essercizii musici: 12 Solos et 12 sonates en trio pour instruments divers	Bärenreiter	Klaus Hofmann	BA 5857
tele-41-a6-Sol-All-4-Viol	Bryan Jacob Bell			Essercizii musici: 12 Soli und 12 Triosonaten für verschiedene Instrumente	Essercizii musici: 12 Solos and 12 Trio sonatas for Various Instruments	Essercizii musici: 12 Solos et 12 sonates en trio pour instruments divers	Bärenreiter	Klaus Hofmann	BA 5857
tele-41-d4-Sol-Aff-1-Flauto	Bryan Jacob Bell			Essercizii musici: 12 Soli und 12 Triosonaten für verschiedene Instrumente	Essercizii musici: 12 Solos and 12 Trio sonatas for Various Instruments	Essercizii musici: 12 Solos et 12 sonates en trio pour instruments divers	Bärenreiter	Klaus Hofmann	BA 5857
tele-41-d4-Sol-Pre-2-Flauto	Bryan Jacob Bell			Essercizii musici: 12 Soli und 12 Triosonaten für verschiedene Instrumente	Essercizii musici: 12 Solos and 12 Trio sonatas for Various Instruments	Essercizii musici: 12 Solos et 12 sonates en trio pour instruments divers	Bärenreiter	Klaus Hofmann	BA 5857
tele-41-d4-Sol-Gra-3-Flauto	Bryan Jacob Bell			Essercizii musici: 12 Soli und 12 Triosonaten für verschiedene Instrumente	Essercizii musici: 12 Solos and 12 Trio sonatas for Various Instruments	Essercizii musici: 12 Solos et 12 sonates en trio pour instruments divers	Bärenreiter	Klaus Hofmann	BA 5857
tele-41-d4-Sol-All-4-Flauto	Bryan Jacob Bell			Essercizii musici: 12 Soli und 12 Triosonaten für verschiedene Instrumente	Essercizii musici: 12 Solos and 12 Trio sonatas for Various Instruments	Essercizii musici: 12 Solos et 12 sonates en trio pour instruments divers	Bärenreiter	Klaus Hofmann	BA 5857
tele-41-B6-Sol-Ada-1-Oboe	Bryan Jacob Bell			Essercizii musici: 12 Soli und 12 Triosonaten für verschiedene Instrumente	Essercizii musici: 12 Solos and 12 Trio sonatas for Various Instruments	Essercizii musici: 12 Solos et 12 sonates en trio pour instruments divers	Bärenreiter	Klaus Hofmann	BA 5857
tele-41-B6-Sol-All-2-Oboe	Bryan Jacob Bell			Essercizii musici: 12 Soli und 12 Triosonaten für verschiedene Instrumente	Essercizii musici: 12 Solos and 12 Trio sonatas for Various Instruments	Essercizii musici: 12 Solos et 12 sonates en trio pour instruments divers	Bärenreiter	Klaus Hofmann	BA 5857
tele-41-B6-Sol-Can-3-Oboe	Bryan Jacob Bell			Essercizii musici: 12 Soli und 12 Triosonaten für verschiedene Instrumente	Essercizii musici: 12 Solos and 12 Trio sonatas for Various Instruments	Essercizii musici: 12 Solos et 12 sonates en trio pour instruments divers	Bärenreiter	Klaus Hofmann	BA 5857
tele-41-B6-Sol-Viv-4-Oboe	Bryan Jacob Bell			Essercizii musici: 12 Soli und 12 Triosonaten für verschiedene Instrumente	Essercizii musici: 12 Solos and 12 Trio sonatas for Various Instruments	Essercizii musici: 12 Solos et 12 sonates en trio pour instruments divers	Bärenreiter	Klaus Hofmann	BA 5857
tele-41-A6-Sol-Dol-1-Violin	Bryan Jacob Bell			Essercizii musici: 12 Soli und 12 Triosonaten für verschiedene Instrumente	Essercizii musici: 12 Solos and 12 Trio sonatas for Various Instruments	Essercizii musici: 12 Solos et 12 sonates en trio pour instruments divers	Bärenreiter	Klaus Hofmann	BA 5857
tele-41-A6-Sol-All-2-Violin	Bryan Jacob Bell			Essercizii musici: 12 Soli und 12 Triosonaten für verschiedene Instrumente	Essercizii musici: 12 Solos and 12 Trio sonatas for Various Instruments	Essercizii musici: 12 Solos et 12 sonates en trio pour instruments divers	Bärenreiter	Klaus Hofmann	BA 5857
tele-41-A6-Sol-Gra-3-Violin	Bryan Jacob Bell			Essercizii musici: 12 Soli und 12 Triosonaten für verschiedene Instrumente	Essercizii musici: 12 Solos and 12 Trio sonatas for Various Instruments	Essercizii musici: 12 Solos et 12 sonates en trio pour instruments divers	Bärenreiter	Klaus Hofmann	BA 5857
tele-41-A6-Sol-All-4-Violin	Bryan Jacob Bell			Essercizii musici: 12 Soli und 12 Triosonaten für verschiedene Instrumente	Essercizii musici: 12 Solos and 12 Trio sonatas for Various Instruments	Essercizii musici: 12 Solos et 12 sonates en trio pour instruments divers	Bärenreiter	Klaus Hofmann	BA 5857
tele-41-G9-Sol-Can-1-Flute	Bryan Jacob Bell			Essercizii musici: 12 Soli und 12 Triosonaten für verschiedene Instrumente	Essercizii musici: 12 Solos and 12 Trio sonatas for Various Instruments	Essercizii musici: 12 Solos et 12 sonates en trio pour instruments divers	Bärenreiter	Klaus Hofmann	BA 5857
tele-41-G9-Sol-All-2-Flute	Bryan Jacob Bell			Essercizii musici: 12 Soli und 12 Triosonaten für verschiedene Instrumente	Essercizii musici: 12 Solos and 12 Trio sonatas for Various Instruments	Essercizii musici: 12 Solos et 12 sonates en trio pour instruments divers	Bärenreiter	Klaus Hofmann	BA 5857
tele-41-G9-Sol-Aff-3-Flute	Bryan Jacob Bell			Essercizii musici: 12 Soli und 12 Triosonaten für verschiedene Instrumente	Essercizii musici: 12 Solos and 12 Trio sonatas for Various Instruments	Essercizii musici: 12 Solos et 12 sonates en trio pour instruments divers	Bärenreiter	Klaus Hofmann	BA 5857
tele-41-G9-Sol-All-4-Flute	Bryan Jacob Bell			Essercizii musici: 12 Soli und 12 Triosonaten für verschiedene Instrumente	Essercizii musici: 12 Solos and 12 Trio sonatas for Various Instruments	Essercizii musici: 12 Solos et 12 sonates en trio pour instruments divers	Bärenreiter	Klaus Hofmann	BA 5857
tele-41-e5-Sol-Can-1-Viol	Bryan Jacob Bell			Essercizii musici: 12 Soli und 12 Triosonaten für verschiedene Instrumente	Essercizii musici: 12 Solos and 12 Trio sonatas for Various Instruments	Essercizii musici: 12 Solos et 12 sonates en trio pour instruments divers	Bärenreiter	Klaus Hofmann	BA 5857
tele-41-e5-Sol-All-2-Viol	Bryan Jacob Bell			Essercizii musici: 12 Soli und 12 Triosonaten für verschiedene Instrumente	Essercizii musici: 12 Solos and 12 Trio sonatas for Various Instruments	Essercizii musici: 12 Solos et 12 sonates en trio pour instruments divers	Bärenreiter	Klaus Hofmann	BA 5857
tele-41-e5-Sol-Rec-3-Viol	Bryan Jacob Bell			Essercizii musici: 12 Soli und 12 Triosonaten für verschiedene Instrumente	Essercizii musici: 12 Solos and 12 Trio sonatas for Various Instruments	Essercizii musici: 12 Solos et 12 sonates en trio pour instruments divers	Bärenreiter	Klaus Hofmann	BA 5857
tele-41-e5-Sol-Viv-4-Viol	Bryan Jacob Bell			Essercizii musici: 12 Soli und 12 Triosonaten für verschiedene Instrumente	Essercizii musici: 12 Solos and 12 Trio sonatas for Various Instruments	Essercizii musici: 12 Solos et 12 sonates en trio pour instruments divers	Bärenreiter	Klaus Hofmann	BA 5857
tele-41-C5-Sol-Ada-1-Flauto	Bryan Jacob Bell			Essercizii musici: 12 Soli und 12 Triosonaten für verschiedene Instrumente	Essercizii musici: 12 Solos and 12 Trio sonatas for Various Instruments	Essercizii musici: 12 Solos et 12 sonates en trio pour instruments divers	Bärenreiter	Klaus Hofmann	BA 5857
tele-41-C5-Sol-Lar-2-Flauto	Bryan Jacob Bell			Essercizii musici: 12 Soli und 12 Triosonaten für verschiedene Instrumente	Essercizii musici: 12 Solos and 12 Trio sonatas for Various Instruments	Essercizii musici: 12 Solos et 12 sonates en trio pour instruments divers	Bärenreiter	Klaus Hofmann	BA 5857
tele-41-C5-Sol-Viv-3-Flauto	Bryan Jacob Bell			Essercizii musici: 12 Soli und 12 Triosonaten für verschiedene Instrumente	Essercizii musici: 12 Solos and 12 Trio sonatas for Various Instruments	Essercizii musici: 12 Solos et 12 sonates en trio pour instruments divers	Bärenreiter	Klaus Hofmann	BA 5857
tele-41-e6-Sol-Lar-1-Oboe	Bryan Jacob Bell			Essercizii musici: 12 Soli und 12 Triosonaten für verschiedene Instrumente	Essercizii musici: 12 Solos and 12 Trio sonatas for Various Instruments	Essercizii musici: 12 Solos et 12 sonates en trio pour instruments divers	Bärenreiter	Klaus Hofmann	BA 5857
tele-41-e6-Sol-All-2-Oboe	Bryan Jacob Bell			Essercizii musici: 12 Soli und 12 Triosonaten für verschiedene Instrumente	Essercizii musici: 12 Solos and 12 Trio sonatas for Various Instruments	Essercizii musici: 12 Solos et 12 sonates en trio pour instruments divers	Bärenreiter	Klaus Hofmann	BA 5857
tele-41-e6-Sol-Gra-3-Oboe	Bryan Jacob Bell			Essercizii musici: 12 Soli und 12 Triosonaten für verschiedene Instrumente	Essercizii musici: 12 Solos and 12 Trio sonatas for Various Instruments	Essercizii musici: 12 Solos et 12 sonates en trio pour instruments divers	Bärenreiter	Klaus Hofmann	BA 5857
tele-41-e6-Sol-Viv-4-Oboe	Bryan Jacob Bell			Essercizii musici: 12 Soli und 12 Triosonaten für verschiedene Instrumente	Essercizii musici: 12 Solos and 12 Trio sonatas for Various Instruments	Essercizii musici: 12 Solos et 12 sonates en trio pour instruments divers	Bärenreiter	Klaus Hofmann	BA 5857
tele-41-g3-Son-Ada-1-ViolinOrFlute	Bryan Jacob Bell			TODO	TODO	TODO	TODO	TODO	TODO
tele-41-g3-Son-Viv-2-ViolinOrFlute	Bryan Jacob Bell			TODO	TODO	TODO	TODO	TODO	TODO
tele-41-g3-Son-Gra-3-ViolinOrFlute	Bryan Jacob Bell			TODO	TODO	TODO	TODO	TODO	TODO
tele-41-g3-Son-All-4-ViolinOrFlute	Bryan Jacob Bell			TODO	TODO	TODO	TODO	TODO	TODO
tele-41-A3-Son-Ada-1-ViolinOrFlute	Bryan Jacob Bell			TODO	TODO	TODO	TODO	TODO	TODO
tele-41-A3-Son-Viv-2-ViolinOrFlute	Bryan Jacob Bell			TODO	TODO	TODO	TODO	TODO	TODO
tele-41-A3-Son-Cor-3-ViolinOrFlute	Bryan Jacob Bell			TODO	TODO	TODO	TODO	TODO	TODO
tele-41-A3-Son-Viv-4-ViolinOrFlute	Bryan Jacob Bell			TODO	TODO	TODO	TODO	TODO	TODO
tele-41-e2-Son-Gra-1-ViolinOrFlute	Bryan Jacob Bell			TODO	TODO	TODO	TODO	TODO	TODO
tele-41-e2-Son-Viv-2-ViolinOrFlute	Bryan Jacob Bell			TODO	TODO	TODO	TODO	TODO	TODO
tele-41-e2-Son-Cun-3-ViolinOrFlute	Bryan Jacob Bell			TODO	TODO	TODO	TODO	TODO	TODO
tele-41-e2-Son-Viv-4-ViolinOrFlute	Bryan Jacob Bell			TODO	TODO	TODO	TODO	TODO	TODO
tele-41-D3-Son-And-1-ViolinOrFlute	Bryan Jacob Bell			TODO	TODO	TODO	TODO	TODO	TODO
tele-41-D3-Son-Pre-2-ViolinOrFlute	Bryan Jacob Bell			TODO	TODO	TODO	TODO	TODO	TODO
tele-41-D3-Son-Con-3-ViolinOrFlute	Bryan Jacob Bell			TODO	TODO	TODO	TODO	TODO	TODO
tele-41-D3-Son-All-4-ViolinOrFlute	Bryan Jacob Bell			TODO	TODO	TODO	TODO	TODO	TODO
tele-41-a2-Son-Lar-1-ViolinOrFlute	Bryan Jacob Bell			TODO	TODO	TODO	TODO	TODO	TODO
tele-41-a2-Son-All-2-ViolinOrFlute	Bryan Jacob Bell			TODO	TODO	TODO	TODO	TODO	TODO
tele-41-a2-Son-Ond-3-ViolinOrFlute	Bryan Jacob Bell			TODO	TODO	TODO	TODO	TODO	TODO
tele-41-a2-Son-All-4-ViolinOrFlute	Bryan Jacob Bell			TODO	TODO	TODO	TODO	TODO	TODO
tele-41-G4-Son-Can-1-ViolinOrFlute	Bryan Jacob Bell			TODO	TODO	TODO	TODO	TODO	TODO
tele-41-G4-Son-Viv-2-ViolinOrFlute	Bryan Jacob Bell			TODO	TODO	TODO	TODO	TODO	TODO
tele-41-G4-Son-Mes-3-ViolinOrFlute	Bryan Jacob Bell			TODO	TODO	TODO	TODO	TODO	TODO
tele-41-G4-Son-Spi-4-ViolinOrFlute	Bryan Jacob Bell			TODO	TODO	TODO	TODO	TODO	TODO
tele-41-h3-Son-Sic-1-ViolinOrFlute	Bryan Jacob Bell			TODO	TODO	TODO	TODO	TODO	TODO
tele-41-h3-Son-All-2-ViolinOrFlute	Bryan Jacob Bell			TODO	TODO	TODO	TODO	TODO	TODO
tele-41-h3-Son-Dol-3-ViolinOrFlute	Bryan Jacob Bell			TODO	TODO	TODO	TODO	TODO	TODO
tele-41-h3-Son-Gra-4-ViolinOrFlute	Bryan Jacob Bell			TODO	TODO	TODO	TODO	TODO	TODO
tele-41-h3-Son-Pre-5-ViolinOrFlute	Bryan Jacob Bell			TODO	TODO	TODO	TODO	TODO	TODO
tele-41-c3-Son-All-1-ViolinOrFlute	Bryan Jacob Bell			TODO	TODO	TODO	TODO	TODO	TODO
tele-41-c3-Son-Ada-2-ViolinOrFlute	Bryan Jacob Bell			TODO	TODO	TODO	TODO	TODO	TODO
tele-41-c3-Son-All-3-ViolinOrFlute	Bryan Jacob Bell			TODO	TODO	TODO	TODO	TODO	TODO
tele-41-c3-Son-Ond-4-ViolinOrFlute	Bryan Jacob Bell			TODO	TODO	TODO	TODO	TODO	TODO
tele-41-c3-Son-All-5-ViolinOrFlute	Bryan Jacob Bell			TODO	TODO	TODO	TODO	TODO	TODO
tele-41-E5-Son-And-1-ViolinOrFlute	Bryan Jacob Bell			TODO	TODO	TODO	TODO	TODO	TODO
tele-41-E5-Son-All-2-ViolinOrFlute	Bryan Jacob Bell			TODO	TODO	TODO	TODO	TODO	TODO
tele-41-E5-Son-Ada-3-ViolinOrFlute	Bryan Jacob Bell			TODO	TODO	TODO	TODO	TODO	TODO
tele-41-E5-Son-Gra-4-ViolinOrFlute	Bryan Jacob Bell			TODO	TODO	TODO	TODO	TODO	TODO
tele-41-E5-Son-Pre-5-ViolinOrFlute	Bryan Jacob Bell			TODO	TODO	TODO	TODO	TODO	TODO
tele-41-B5-Son-Lar-1-ViolinOrFlute	Bryan Jacob Bell			TODO	TODO	TODO	TODO	TODO	TODO
tele-41-B5-Son-All-2-ViolinOrFlute	Bryan Jacob Bell			TODO	TODO	TODO	TODO	TODO	TODO
tele-41-B5-Son-Dol-3-ViolinOrFlute	Bryan Jacob Bell			TODO	TODO	TODO	TODO	TODO	TODO
tele-41-B5-Son-Viv-4-ViolinOrFlute	Bryan Jacob Bell			TODO	TODO	TODO	TODO	TODO	TODO
tele-41-B5-Son-All-5-ViolinOrFlute	Bryan Jacob Bell			TODO	TODO	TODO	TODO	TODO	TODO
tele-41-d2-Son-And-1-ViolinOrFlute	Bryan Jacob Bell			TODO	TODO	TODO	TODO	TODO	TODO
tele-41-d2-Son-All-2-ViolinOrFlute	Bryan Jacob Bell			TODO	TODO	TODO	TODO	TODO	TODO
tele-41-d2-Son-Tem-3-ViolinOrFlute	Bryan Jacob Bell			TODO	TODO	TODO	TODO	TODO	TODO
tele-41-d2-Son-Viv-4-ViolinOrFlute	Bryan Jacob Bell			TODO	TODO	TODO	TODO	TODO	TODO
tele-41-d2-Son-All-5-ViolinOrFlute	Bryan Jacob Bell			TODO	TODO	TODO	TODO	TODO	TODO
tele-41-C3-Son-And-1-ViolinOrFlute	Bryan Jacob Bell			TODO	TODO	TODO	TODO	TODO	TODO
tele-41-C3-Son-All-2-ViolinOrFlute	Bryan Jacob Bell			TODO	TODO	TODO	TODO	TODO	TODO
tele-41-C3-Son-Pre-3-ViolinOrFlute	Bryan Jacob Bell			TODO	TODO	TODO	TODO	TODO	TODO
tele-41-C3-Son-Dol-4-ViolinOrFlute	Bryan Jacob Bell			TODO	TODO	TODO	TODO	TODO	TODO
tele-41-C3-Son-Viv-5-ViolinOrFlute	Bryan Jacob Bell			TODO	TODO	TODO	TODO	TODO	TODO
